what,kind,bundleId,bundleVersion,description,time
stopped,bundle,org.eclipse.datatools.connectivity.apache.derby.ui,1.0.3.v201107221459,"org.eclipse.datatools.connectivity.apache.derby.ui",1341435165892
stopped,bundle,org.eclipse.datatools.enablement.sybase.asa.schemaobjecteditor.examples,2.5.0.200810071,"org.eclipse.datatools.enablement.sybase.asa.schemaobjecteditor.examples",1341435165893
stopped,bundle,org.eclipse.datatools.enablement.sybase.asa.ui,1.0.1.v200906111204,"org.eclipse.datatools.enablement.sybase.asa.ui",1341435165894
stopped,bundle,org.eclipse.datatools.enablement.sybase.ase.ui,1.0.1.v200906020900,"org.eclipse.datatools.enablement.sybase.ase.ui",1341435165895
stopped,bundle,org.eclipse.datatools.enablement.sybase.ui,1.0.0.v200906090452,"org.eclipse.datatools.enablement.sybase.ui",1341435165895
stopped,bundle,org.eclipse.datatools.sqltools.data.ui,1.2.1.v201010270945,"org.eclipse.datatools.sqltools.data.ui",1341435165896
stopped,bundle,org.eclipse.datatools.connectivity.sqm.server.ui,1.1.100.v201107221459,"org.eclipse.datatools.connectivity.sqm.server.ui",1341435165897
stopped,bundle,org.eclipse.datatools.sqltools.ddlgen.ui,1.0.2.v201201131129,"org.eclipse.datatools.sqltools.ddlgen.ui",1341435165897
stopped,bundle,org.eclipse.datatools.sqltools.db.derby.ui,1.0.0.v200906020900,"org.eclipse.datatools.sqltools.db.derby.ui",1341435165897
stopped,bundle,org.eclipse.datatools.sqltools.db.generic.ui,1.0.0.v200906020900,"org.eclipse.datatools.sqltools.db.generic.ui",1341435165898
stopped,bundle,org.eclipse.datatools.sqltools.debugger.core.ui,1.0.0.v201003161000,"org.eclipse.datatools.sqltools.debugger.core.ui",1341435165898
stopped,bundle,org.eclipse.datatools.sqltools.routineeditor.ui,1.0.2.v201111230714,"org.eclipse.datatools.sqltools.routineeditor.ui",1341435165899
stopped,bundle,org.eclipse.datatools.sqltools.sqlbuilder,1.0.3.v201107221520,"org.eclipse.datatools.sqltools.sqlbuilder",1341435165900
stopped,bundle,org.eclipse.datatools.sqltools.debugger.core,1.0.1.v201107221520,"org.eclipse.datatools.sqltools.debugger.core",1341435165900
stopped,bundle,org.eclipse.datatools.sqltools.schemaobjecteditor.ui.pages,1.1.0.200810071,"org.eclipse.datatools.sqltools.schemaobjecteditor.ui.pages",1341435165901
stopped,bundle,org.eclipse.datatools.sqltools.schemaobjecteditor.ui,1.1.1.200810071,"org.eclipse.datatools.sqltools.schemaobjecteditor.ui",1341435165901
stopped,bundle,org.eclipse.datatools.sqltools.sqlscrapbook,1.0.1.v201107221520,"org.eclipse.datatools.sqltools.sqlscrapbook",1341435165902
stopped,bundle,org.eclipse.datatools.sqltools.sqleditor,1.0.2.v201107221520,"org.eclipse.datatools.sqltools.sqleditor",1341435165903
stopped,bundle,org.eclipse.datatools.sqltools.editor.core.ui,1.0.0.v201001150815,"org.eclipse.datatools.sqltools.editor.core.ui",1341435165903
stopped,bundle,org.eclipse.datatools.sqltools.tabledataeditor,1.0.1.v201005250945,"org.eclipse.datatools.sqltools.tabledataeditor",1341435165904
stopped,bundle,org.eclipse.datatools.connectivity.sqm.core.ui,1.2.1.v20110926045,"org.eclipse.datatools.connectivity.sqm.core.ui",1341435165905
stopped,bundle,org.eclipse.jst.j2ee.ejb.annotations.ui,1.1.200.v201004290730,"org.eclipse.jst.j2ee.ejb.annotations.ui",1341435165905
stopped,bundle,org.eclipse.datatools.connectivity.ui.dse,1.1.4.v201107221459,"org.eclipse.datatools.connectivity.ui.dse",1341435165906
stopped,bundle,org.eclipse.jst.j2ee.xdoclet.runtime,1.1.300.v201004280700,"org.eclipse.jst.j2ee.xdoclet.runtime",1341435165907
stopped,bundle,org.eclipse.jst.j2ee.ejb.annotations.xdoclet,1.2.200.v201103302125,"org.eclipse.jst.j2ee.ejb.annotations.xdoclet",1341435165907
stopped,bundle,overlay.com.android.ide.eclipse.adt.overlay,17.0.0.v201203161636-291853,"overlay.com.android.ide.eclipse.adt.overlay",1341435165908
stopped,bundle,com.android.ide.eclipse.adt,17.0.0.v201203161636-291853,"com.android.ide.eclipse.adt",1341435165908
stopped,bundle,org.eclipse.jst.jsf.apache.trinidad.tagsupport,1.1.200.v201104061711,"org.eclipse.jst.jsf.apache.trinidad.tagsupport",1341435165909
stopped,bundle,org.eclipse.jst.jsf.facesconfig.ui,1.2.2.v201103292152,"org.eclipse.jst.jsf.facesconfig.ui",1341435165910
stopped,bundle,org.eclipse.jst.jsf.facelet.ui,1.0.1.v201104032306,"org.eclipse.jst.jsf.facelet.ui",1341435165910
stopped,bundle,org.eclipse.jst.jsf.ui,1.3.2.v201104251204,"org.eclipse.jst.jsf.ui",1341435165911
stopped,bundle,org.eclipse.jst.pagedesigner.jsf.ui,1.2.100.v201104061711,"org.eclipse.jst.pagedesigner.jsf.ui",1341435165911
stopped,bundle,org.eclipse.jst.pagedesigner,1.3.104.v201201181342,"org.eclipse.jst.pagedesigner",1341435165912
stopped,bundle,org.eclipse.jst.jsf.common.ui,1.2.100.v201104061711,"org.eclipse.jst.jsf.common.ui",1341435165913
stopped,bundle,org.eclipse.pde.ua.ui,1.0.100.v20110516,"org.eclipse.pde.ua.ui",1341435165914
stopped,bundle,org.eclipse.datatools.connectivity.oda.template.ui,3.2.3.v201201121156,"org.eclipse.datatools.connectivity.oda.template.ui",1341435165914
stopped,bundle,org.eclipse.pde.api.tools.ui,1.0.301.v20110803_r371,"org.eclipse.pde.api.tools.ui",1341435165915
stopped,bundle,org.eclipse.pde.ds.ui,1.0.100.v20111213-1754,"org.eclipse.pde.ds.ui",1341435165916
stopped,bundle,org.eclipse.pde.runtime,3.4.201.v20110928-1516,"org.eclipse.pde.runtime",1341435165916
stopped,bundle,org.eclipse.pde.ui.templates,3.4.400.v20110928-1516,"org.eclipse.pde.ui.templates",1341435165918
stopped,bundle,org.eclipse.pde.ui,3.6.100.v20120103_r372,"org.eclipse.pde.ui",1341435165919
stopped,bundle,org.eclipse.ui.cheatsheets,3.4.100.v20110425,"org.eclipse.ui.cheatsheets",1341435165920
stopped,bundle,org.eclipse.help.ui,3.5.101.r37_20110819,"org.eclipse.help.ui",1341435165921
stopped,bundle,org.eclipse.help.webapp,3.6.1.r37_20110929,"org.eclipse.help.webapp",1341435165922
stopped,bundle,org.eclipse.epp.mpc.ui,1.1.1.I20110907-0947,"org.eclipse.epp.mpc.ui",1341435165922
stopped,bundle,org.eclipse.epp.usagedata.ui,1.3.1.R201106061540,"org.eclipse.epp.usagedata.ui",1341435165923
stopped,bundle,org.eclipse.ui.intro.universal,3.2.500.v20110510,"org.eclipse.ui.intro.universal",1341435165923
stopped,bundle,org.eclipse.wtp.epp.package.jee.intro,1.3.0.v201006142040,"org.eclipse.wtp.epp.package.jee.intro",1341435165923
stopped,bundle,org.eclipse.ui.intro,3.4.100.v20110425,"org.eclipse.ui.intro",1341435165923
stopped,bundle,org.eclipse.help.base,3.6.2.v201202080800,"org.eclipse.help.base",1341435165924
stopped,bundle,org.eclipse.equinox.http.jetty,2.0.100.v20110502,"org.eclipse.equinox.http.jetty",1341435165925
stopped,bundle,org.eclipse.wst.server.preview,1.1.100.v20091208,"org.eclipse.wst.server.preview",1341435165925
stopped,bundle,org.eclipse.m2e.discovery,1.0.100.20110804-1717,"org.eclipse.m2e.discovery",1341435165926
stopped,bundle,org.eclipse.m2e.refactoring,1.0.100.20110804-1717,"org.eclipse.m2e.refactoring",1341435165927
stopped,bundle,org.eclipse.m2e.editor,1.0.100.20110804-1717,"org.eclipse.m2e.editor",1341435165927
stopped,bundle,org.eclipse.m2e.editor.xml,1.0.100.20110804-1717,"org.eclipse.m2e.editor.xml",1341435165927
stopped,bundle,org.eclipse.m2e.jdt,1.0.100.20110804-1717,"org.eclipse.m2e.jdt",1341435165927
stopped,bundle,org.eclipse.m2e.launching,1.0.100.20110804-1717,"org.eclipse.m2e.launching",1341435165928
stopped,bundle,org.eclipse.m2e.usagedata,1.0.100.20110804-1717,"org.eclipse.m2e.usagedata",1341435165928
stopped,bundle,org.eclipse.m2e.core.ui,1.0.100.20110804-1717,"org.eclipse.m2e.core.ui",1341435165928
stopped,bundle,org.eclipse.m2e.core,1.0.100.20110804-1717,"org.eclipse.m2e.core",1341435165929
stopped,bundle,org.eclipse.jst.ws.jaxws.ui,1.0.100.v201104032053,"org.eclipse.jst.ws.jaxws.ui",1341435165930
stopped,bundle,org.eclipse.jst.ws.jaxws.core,1.0.100.v201104031139,"org.eclipse.jst.ws.jaxws.core",1341435165930
stopped,bundle,org.eclipse.mylyn.bugzilla.ui,3.6.0.v20110608-1400,"org.eclipse.mylyn.bugzilla.ui",1341435165930
stopped,bundle,org.eclipse.mylyn.bugzilla.core,3.6.5.v20120123-0100,"org.eclipse.mylyn.bugzilla.core",1341435165930
stopped,bundle,org.eclipse.mylyn.commons.xmlrpc,3.6.0.v20110608-1400,"org.eclipse.mylyn.commons.xmlrpc",1341435165931
stopped,bundle,org.eclipse.datatools.enablement.oda.ws.ui,1.2.3.v201112061438,"org.eclipse.datatools.enablement.oda.ws.ui",1341435165931
stopped,bundle,org.eclipse.datatools.enablement.oda.ws,1.2.3.v201112061438,"org.eclipse.datatools.enablement.oda.ws",1341435165932
stopped,bundle,org.eclipse.wst.wsdl,1.2.202.v201108230355,"org.eclipse.wst.wsdl",1341435165933
stopped,bundle,org.eclipse.wst.wsdl.validation,1.1.502.v201104071820,"org.eclipse.wst.wsdl.validation",1341435165933
stopped,bundle,org.eclipse.wst.xsl.exslt.ui,1.0.0.v201006012005,"org.eclipse.wst.xsl.exslt.ui",1341435165934
stopped,bundle,org.eclipse.wst.xsl.jaxp.debug.ui,1.0.200.v201103081922,"org.eclipse.wst.xsl.jaxp.debug.ui",1341435165934
stopped,bundle,org.eclipse.wst.xsl.ui,1.1.200.v201103082057,"org.eclipse.wst.xsl.ui",1341435165935
stopped,bundle,org.eclipse.wst.xml.xpath.ui,1.1.100.v201105030025,"org.eclipse.wst.xml.xpath.ui",1341435165935
activated,perspective,org.eclipse.jst.j2ee.ui,,"org.eclipse.jst.j2ee.J2EEPerspective",1341435213481
started,bundle,org.eclipse.osgi,3.7.2.v20120110-1415,"org.eclipse.osgi",1341435213482
started,bundle,org.eclipse.equinox.simpleconfigurator,1.0.200.v20110815-1438,"org.eclipse.equinox.simpleconfigurator",1341435213482
started,bundle,com.ibm.icu,4.4.2.v20110823,"com.ibm.icu",1341435213483
started,bundle,org.eclipse.core.contenttype,3.4.100.v20110423-0524,"org.eclipse.core.contenttype",1341435213483
started,bundle,org.eclipse.core.databinding.observable,1.4.0.I20110222-0800,"org.eclipse.core.databinding.observable",1341435213484
started,bundle,org.eclipse.core.expressions,3.4.300.v20110228,"org.eclipse.core.expressions",1341435213493
started,bundle,org.eclipse.core.filebuffers,3.5.200.v20110928-1504,"org.eclipse.core.filebuffers",1341435213493
started,bundle,org.eclipse.core.filesystem,1.3.100.v20110423-0524,"org.eclipse.core.filesystem",1341435213494
started,bundle,org.eclipse.core.jobs,3.5.101.v20120113-1953,"org.eclipse.core.jobs",1341435213494
started,bundle,org.eclipse.core.net,1.2.100.I20110511-0800,"org.eclipse.core.net",1341435213495
started,bundle,org.eclipse.core.resources,3.7.101.v20120125-1505,"org.eclipse.core.resources",1341435213495
started,bundle,org.eclipse.core.runtime,3.7.0.v20110110,"org.eclipse.core.runtime",1341435213496
started,bundle,org.eclipse.core.runtime.compatibility,3.2.100.v20100505,"org.eclipse.core.runtime.compatibility",1341435213496
started,bundle,org.eclipse.core.runtime.compatibility.auth,3.2.200.v20110110,"org.eclipse.core.runtime.compatibility.auth",1341435213497
started,bundle,org.eclipse.debug.core,3.7.1.v20111129-2031,"org.eclipse.debug.core",1341435213498
started,bundle,org.eclipse.emf.common,2.7.0.v20120127-1122,"org.eclipse.emf.common",1341435213498
started,bundle,org.eclipse.emf.common.ui,2.7.0.v20120130-0943,"org.eclipse.emf.common.ui",1341435213499
started,bundle,org.eclipse.emf.ecore,2.7.0.v20120127-1122,"org.eclipse.emf.ecore",1341435213500
started,bundle,org.eclipse.emf.ecore.xmi,2.7.0.v20120127-1122,"org.eclipse.emf.ecore.xmi",1341435213501
started,bundle,org.eclipse.emf.edit,2.7.2.v20120130-0943,"org.eclipse.emf.edit",1341435213502
started,bundle,org.eclipse.emf.edit.ui,2.7.0.v20120130-0943,"org.eclipse.emf.edit.ui",1341435213502
started,bundle,org.eclipse.epp.mpc.ui,1.1.1.I20110907-0947,"org.eclipse.epp.mpc.ui",1341435213503
started,bundle,org.eclipse.epp.usagedata.gathering,1.3.1.R201106061540,"org.eclipse.epp.usagedata.gathering",1341435213503
started,bundle,org.eclipse.epp.usagedata.recording,1.3.1.R201106061540,"org.eclipse.epp.usagedata.recording",1341435213504
started,bundle,org.eclipse.equinox.app,1.3.100.v20110321,"org.eclipse.equinox.app",1341435213504
started,bundle,org.eclipse.equinox.common,3.6.0.v20110523,"org.eclipse.equinox.common",1341435213517
started,bundle,org.eclipse.equinox.ds,1.3.1.R37x_v20110701,"org.eclipse.equinox.ds",1341435213517
started,bundle,org.eclipse.equinox.event,1.2.100.v20110502,"org.eclipse.equinox.event",1341435213518
started,bundle,org.eclipse.equinox.p2.core,2.1.1.v20120113-1346,"org.eclipse.equinox.p2.core",1341435213518
started,bundle,org.eclipse.equinox.p2.directorywatcher,1.0.300.v20110815-1419,"org.eclipse.equinox.p2.directorywatcher",1341435213519
started,bundle,org.eclipse.equinox.p2.engine,2.1.1.R37x_v20111003,"org.eclipse.equinox.p2.engine",1341435213519
started,bundle,org.eclipse.equinox.p2.metadata,2.1.0.v20110815-1419,"org.eclipse.equinox.p2.metadata",1341435213520
started,bundle,org.eclipse.equinox.p2.metadata.repository,1.2.0.v20110815-1419,"org.eclipse.equinox.p2.metadata.repository",1341435213520
started,bundle,org.eclipse.equinox.p2.operations,2.1.1.R37x_v20111111,"org.eclipse.equinox.p2.operations",1341435213521
started,bundle,org.eclipse.equinox.p2.reconciler.dropins,1.1.100.v20110815-1419,"org.eclipse.equinox.p2.reconciler.dropins",1341435213521
started,bundle,org.eclipse.equinox.p2.repository,2.1.1.v20120113-1346,"org.eclipse.equinox.p2.repository",1341435213522
started,bundle,org.eclipse.equinox.p2.ui.sdk.scheduler,1.0.100.v20110815-1419,"org.eclipse.equinox.p2.ui.sdk.scheduler",1341435213522
started,bundle,org.eclipse.equinox.p2.updatechecker,1.1.200.v20110815-1419,"org.eclipse.equinox.p2.updatechecker",1341435213523
started,bundle,org.eclipse.equinox.preferences,3.4.2.v20120111-2020,"org.eclipse.equinox.preferences",1341435213523
started,bundle,org.eclipse.equinox.registry,3.5.101.R37x_v20110810-1611,"org.eclipse.equinox.registry",1341435213524
started,bundle,org.eclipse.equinox.security,1.1.1.R37x_v20110822-1018,"org.eclipse.equinox.security",1341435213524
started,bundle,org.eclipse.equinox.util,1.0.300.v20110502,"org.eclipse.equinox.util",1341435213542
started,bundle,org.eclipse.help,3.5.100.v20110426,"org.eclipse.help",1341435213553
started,bundle,org.eclipse.jdt.core,3.7.3.v20120119-1537,"org.eclipse.jdt.core",1341435213554
started,bundle,org.eclipse.jdt.core.manipulation,1.4.0.v20110928-1453,"org.eclipse.jdt.core.manipulation",1341435213555
started,bundle,org.eclipse.jdt.launching,3.6.1.v20111006_r372,"org.eclipse.jdt.launching",1341435213556
started,bundle,org.eclipse.jdt.ui,3.7.2.v20120109-1427,"org.eclipse.jdt.ui",1341435213560
started,bundle,org.eclipse.jem,2.0.501.v201111030500,"org.eclipse.jem",1341435213561
started,bundle,org.eclipse.jem.util,2.1.100.v201103021400,"org.eclipse.jem.util",1341435213561
started,bundle,org.eclipse.jface,3.7.0.v20110928-1505,"org.eclipse.jface",1341435213561
started,bundle,org.eclipse.jsch.core,1.1.300.I20110514-0800,"org.eclipse.jsch.core",1341435213562
started,bundle,org.eclipse.jst.common.project.facet.core,1.4.200.v201103170302,"org.eclipse.jst.common.project.facet.core",1341435213562
started,bundle,org.eclipse.jst.j2ee,1.1.503.v201202090300,"org.eclipse.jst.j2ee",1341435213563
started,bundle,org.eclipse.jst.j2ee.core,1.2.102.v201202090300,"org.eclipse.jst.j2ee.core",1341435213564
started,bundle,org.eclipse.jst.j2ee.navigator.ui,1.1.501.v201107261503,"org.eclipse.jst.j2ee.navigator.ui",1341435213577
started,bundle,org.eclipse.jst.j2ee.ui,1.1.503.v201201190400,"org.eclipse.jst.j2ee.ui",1341435213578
started,bundle,org.eclipse.jst.j2ee.webservice,1.1.400.v201004110600,"org.eclipse.jst.j2ee.webservice",1341435213579
started,bundle,org.eclipse.jst.j2ee.webservice.ui,1.1.500.v201105122000,"org.eclipse.jst.j2ee.webservice.ui",1341435213579
started,bundle,org.eclipse.jst.jee.ui,1.0.401.v201202011107,"org.eclipse.jst.jee.ui",1341435213580
started,bundle,org.eclipse.jst.ws.jaxrs.core,1.0.301.v201108240656,"org.eclipse.jst.ws.jaxrs.core",1341435213580
started,bundle,org.eclipse.jst.ws.jaxws.utils,1.0.100.v201201031437,"org.eclipse.jst.ws.jaxws.utils",1341435213581
started,bundle,org.eclipse.ltk.core.refactoring,3.5.201.r372_v20111101-0700,"org.eclipse.ltk.core.refactoring",1341435213581
started,bundle,org.eclipse.ltk.ui.refactoring,3.6.0.v20110928-1453,"org.eclipse.ltk.ui.refactoring",1341435213582
started,bundle,org.eclipse.mylyn.bugzilla.core,3.6.5.v20120123-0100,"org.eclipse.mylyn.bugzilla.core",1341435213582
started,bundle,org.eclipse.mylyn.bugzilla.ui,3.6.0.v20110608-1400,"org.eclipse.mylyn.bugzilla.ui",1341435213583
started,bundle,org.eclipse.mylyn.commons.identity,0.8.0.v20110608-1400,"org.eclipse.mylyn.commons.identity",1341435213583
started,bundle,org.eclipse.mylyn.commons.net,3.6.0.v20110608-1400,"org.eclipse.mylyn.commons.net",1341435213584
started,bundle,org.eclipse.mylyn.commons.ui,3.6.1.v20110720-0100,"org.eclipse.mylyn.commons.ui",1341435213584
started,bundle,org.eclipse.mylyn.context.core,3.6.1.v20110720-0100,"org.eclipse.mylyn.context.core",1341435213585
started,bundle,org.eclipse.mylyn.context.ui,3.6.1.v20120112-0100,"org.eclipse.mylyn.context.ui",1341435213585
started,bundle,org.eclipse.mylyn.monitor.ui,3.6.0.v20110608-1400,"org.eclipse.mylyn.monitor.ui",1341435213586
started,bundle,org.eclipse.mylyn.tasks.ui,3.6.5.v20120215-0100,"org.eclipse.mylyn.tasks.ui",1341435213587
started,bundle,org.eclipse.mylyn.team.ui,3.6.1.v20110825-0100,"org.eclipse.mylyn.team.ui",1341435213587
started,bundle,org.eclipse.search,3.7.0.v20110928-1504,"org.eclipse.search",1341435213598
started,bundle,org.eclipse.team.core,3.6.0.I20110525-0800,"org.eclipse.team.core",1341435213599
started,bundle,org.eclipse.team.cvs.core,3.3.400.I20110510-0800,"org.eclipse.team.cvs.core",1341435213599
started,bundle,org.eclipse.team.cvs.ui,3.3.401.v20120126-1227,"org.eclipse.team.cvs.ui",1341435213600
started,bundle,org.eclipse.team.ui,3.6.101.R37x_v20111109-0800,"org.eclipse.team.ui",1341435213601
started,bundle,org.eclipse.ui,3.7.0.v20110928-1505,"org.eclipse.ui",1341435213602
started,bundle,org.eclipse.ui.console,3.5.100.v20111007_r372,"org.eclipse.ui.console",1341435213602
started,bundle,org.eclipse.ui.editors,3.7.0.v20110928-1504,"org.eclipse.ui.editors",1341435213603
started,bundle,org.eclipse.ui.forms,3.5.101.v20111011-1919,"org.eclipse.ui.forms",1341435213604
started,bundle,org.eclipse.ui.ide,3.7.0.v20110928-1505,"org.eclipse.ui.ide",1341435213613
started,bundle,org.eclipse.ui.navigator,3.5.101.v20120106-1355,"org.eclipse.ui.navigator",1341435213614
started,bundle,org.eclipse.ui.navigator.resources,3.4.300.v20110928-1505,"org.eclipse.ui.navigator.resources",1341435213614
started,bundle,org.eclipse.ui.net,1.2.100.v20111208-1155,"org.eclipse.ui.net",1341435213615
started,bundle,org.eclipse.ui.views,3.6.0.v20110928-1505,"org.eclipse.ui.views",1341435213615
started,bundle,org.eclipse.ui.workbench,3.7.1.v20120104-1859,"org.eclipse.ui.workbench",1341435213615
started,bundle,org.eclipse.ui.workbench.texteditor,3.7.0.v20110928-1504,"org.eclipse.ui.workbench.texteditor",1341435213616
started,bundle,org.eclipse.update.configurator,3.3.100.v20100512,"org.eclipse.update.configurator",1341435213617
started,bundle,org.eclipse.update.core,3.2.500.v20110330,"org.eclipse.update.core",1341435213618
started,bundle,org.eclipse.update.scheduler,3.2.300.v20100512,"org.eclipse.update.scheduler",1341435213618
started,bundle,org.eclipse.wst.common.core,1.2.0.v200908252030,"org.eclipse.wst.common.core",1341435213618
started,bundle,org.eclipse.wst.common.emf,1.2.100.v201101101900,"org.eclipse.wst.common.emf",1341435213619
started,bundle,org.eclipse.wst.common.emfworkbench.integration,1.2.101.v201107140600,"org.eclipse.wst.common.emfworkbench.integration",1341435213620
started,bundle,org.eclipse.wst.common.frameworks,1.2.102.v201201190400,"org.eclipse.wst.common.frameworks",1341435213620
started,bundle,org.eclipse.wst.common.frameworks.ui,1.2.100.v201105122000,"org.eclipse.wst.common.frameworks.ui",1341435213621
started,bundle,org.eclipse.wst.common.modulecore,1.2.103.v201201190400,"org.eclipse.wst.common.modulecore",1341435213621
started,bundle,org.eclipse.wst.common.project.facet.core,1.4.201.v201201101553,"org.eclipse.wst.common.project.facet.core",1341435213622
started,bundle,org.eclipse.wst.validation,1.2.303.v201202090300,"org.eclipse.wst.validation",1341435213623
started,bundle,org.eclipse.wst.web,1.1.501.v201201190400,"org.eclipse.wst.web",1341435213637
started,bundle,org.eclipse.wst.xml.core,1.1.602.v201201091944,"org.eclipse.wst.xml.core",1341435213638
started,bundle,org.eclipse.m2e.logback.configuration,1.0.100.20110804-1717,"org.eclipse.m2e.logback.configuration",1341435213638
started,bundle,org.springframework.ide.eclipse.aop.core,2.6.0.201103160035-RELEASE,"org.springframework.ide.eclipse.aop.core",1341435213639
started,bundle,org.springframework.ide.eclipse.aop.ui,2.6.0.201103160035-RELEASE,"org.springframework.ide.eclipse.aop.ui",1341435213639
started,bundle,org.springframework.ide.eclipse.beans.core,2.6.0.201103160035-RELEASE,"org.springframework.ide.eclipse.beans.core",1341435213640
started,bundle,org.springframework.ide.eclipse.beans.ui,2.6.0.201103160035-RELEASE,"org.springframework.ide.eclipse.beans.ui",1341435213640
started,bundle,org.springframework.ide.eclipse.core,2.6.0.201103160035-RELEASE,"org.springframework.ide.eclipse.core",1341435213641
started,bundle,org.springframework.ide.eclipse.osgi.targetdefinition,2.6.0.201103160035-RELEASE,"org.springframework.ide.eclipse.osgi.targetdefinition",1341435213641
started,bundle,org.springframework.ide.eclipse.uaa,2.6.0.201103160035-RELEASE,"org.springframework.ide.eclipse.uaa",1341435213641
started,bundle,org.springframework.ide.eclipse.ui,2.6.0.201103160035-RELEASE,"org.springframework.ide.eclipse.ui",1341435213642
started,bundle,com.android.ide.eclipse.adt,17.0.0.v201203161636-291853,"com.android.ide.eclipse.adt",1341435213642
os,sysinfo,,,"linux",1341435213646
arch,sysinfo,,,"x86",1341435213646
ws,sysinfo,,,"gtk",1341435213646
locale,sysinfo,,,"es_ES",1341435213646
processors,sysinfo,,,"2",1341435213646
java.runtime.name,sysinfo,,,"Java(TM) SE Runtime Environment",1341435213646
java.runtime.version,sysinfo,,,"1.6.0_31-b04",1341435213646
java.specification.name,sysinfo,,,"Java Platform API Specification",1341435213646
java.specification.vendor,sysinfo,,,"Sun Microsystems Inc.",1341435213646
java.specification.version,sysinfo,,,"1.6",1341435213646
java.vendor,sysinfo,,,"Sun Microsystems Inc.",1341435213646
java.version,sysinfo,,,"1.6.0_31",1341435213646
java.vm.info,sysinfo,,,"mixed mode, sharing",1341435213646
java.vm.name,sysinfo,,,"Java HotSpot(TM) Client VM",1341435213646
java.vm.specification.name,sysinfo,,,"Java Virtual Machine Specification",1341435213646
java.vm.specification.vendor,sysinfo,,,"Sun Microsystems Inc.",1341435213646
java.vm.specification.version,sysinfo,,,"1.0",1341435213646
java.vm.vendor,sysinfo,,,"Sun Microsystems Inc.",1341435213646
java.vm.version,sysinfo,,,"20.6-b01",1341435213646
started,bundle,org.eclipse.m2e.usagedata,1.0.100.20110804-1717,"org.eclipse.m2e.usagedata",1341435213653
started,bundle,org.eclipse.m2e.core,1.0.100.20110804-1717,"org.eclipse.m2e.core",1341435214268
started,bundle,org.eclipse.m2e.jdt,1.0.100.20110804-1717,"org.eclipse.m2e.jdt",1341435214286
error,log,,,"Unable to update index for central|http://repo1.maven.org/maven2",1341435217320
deactivated,workbench,org.eclipse.ui.workbench,3.7.1.v20120104-1859,"",1341435217906
started,bundle,org.eclipse.wst.server.core,1.1.304.v20120208_1420,"org.eclipse.wst.server.core",1341435218202
started,bundle,org.eclipse.wst.server.ui,1.3.0.v20120210_1439,"org.eclipse.wst.server.ui",1341435218474
started,bundle,org.eclipse.jst.servlet.ui,1.1.502.v201202011054,"org.eclipse.jst.servlet.ui",1341435230427
started,bundle,org.eclipse.pde.core,3.7.1.v20120103_r372,"org.eclipse.pde.core",1341435230519
executed,command,org.eclipse.ui,3.7.0.v20110928-1505,"org.eclipse.ui.file.import",1341435230573
activated,workbench,org.eclipse.ui.workbench,3.7.1.v20120104-1859,"",1341435230607
started,bundle,org.eclipse.wst.jsdt.core,1.1.102.v201111090634,"org.eclipse.wst.jsdt.core",1341435230659
started,bundle,org.springframework.ide.eclipse.beans.core.metadata,2.6.0.201103160035-RELEASE,"org.springframework.ide.eclipse.beans.core.metadata",1341435231438
started,bundle,org.eclipse.wst.sse.core,1.1.602.v201112071516,"org.eclipse.wst.sse.core",1341435231491
started,bundle,org.springframework.ide.eclipse.webflow.core,2.6.0.201103160035-RELEASE,"org.springframework.ide.eclipse.webflow.core",1341435231521
started,bundle,org.eclipse.m2e.editor.xml,1.0.100.20110804-1717,"org.eclipse.m2e.editor.xml",1341435231544
started,bundle,org.springframework.ide.eclipse.batch,2.6.0.201103160035-RELEASE,"org.springframework.ide.eclipse.batch",1341435231595
started,bundle,org.eclipse.jpt.common.core,1.0.2.v201111103010,"org.eclipse.jpt.common.core",1341435231599
started,bundle,org.eclipse.jpt.jpa.core,3.0.2.v201201243020,"org.eclipse.jpt.jpa.core",1341435231600
started,bundle,org.springframework.ide.eclipse.integration,2.6.0.201103160035-RELEASE,"org.springframework.ide.eclipse.integration",1341435231614
started,bundle,org.springframework.ide.eclipse.security,2.6.0.201103160035-RELEASE,"org.springframework.ide.eclipse.security",1341435231618
started,bundle,org.eclipse.wst.common.uriresolver,1.1.401.v201004280700,"org.eclipse.wst.common.uriresolver",1341435232230
started,bundle,org.eclipse.m2e.core.ui,1.0.100.20110804-1717,"org.eclipse.m2e.core.ui",1341435232287
started,bundle,org.springframework.ide.eclipse.beans.core.autowire,2.6.0.201103160035-RELEASE,"org.springframework.ide.eclipse.beans.core.autowire",1341435232493
jar,m2e.packaging,org.eclipse.m2e.core,1.0.100,"jar",1341435234057
clean:default-clean:clean,m2e.plugins,org.eclipse.m2e.core,1.0.100,"org.apache.maven.plugins:maven-clean-plugin:2.4.1",1341435234058
resources:default-resources:process-resources,m2e.plugins,org.eclipse.m2e.core,1.0.100,"org.apache.maven.plugins:maven-resources-plugin:2.5",1341435234058
compile:default-compile:compile,m2e.plugins,org.eclipse.m2e.core,1.0.100,"org.apache.maven.plugins:maven-compiler-plugin:2.3.2",1341435234058
testResources:default-testResources:process-test-resources,m2e.plugins,org.eclipse.m2e.core,1.0.100,"org.apache.maven.plugins:maven-resources-plugin:2.5",1341435234058
testCompile:default-testCompile:test-compile,m2e.plugins,org.eclipse.m2e.core,1.0.100,"org.apache.maven.plugins:maven-compiler-plugin:2.3.2",1341435234058
test:default-test:test,m2e.plugins,org.eclipse.m2e.core,1.0.100,"org.apache.maven.plugins:maven-surefire-plugin:2.12",1341435234058
jar:default-jar:package,m2e.plugins,org.eclipse.m2e.core,1.0.100,"org.apache.maven.plugins:maven-jar-plugin:2.3.1",1341435234059
install:default-install:install,m2e.plugins,org.eclipse.m2e.core,1.0.100,"org.apache.maven.plugins:maven-install-plugin:2.3.1",1341435234059
deploy:default-deploy:deploy,m2e.plugins,org.eclipse.m2e.core,1.0.100,"org.apache.maven.plugins:maven-deploy-plugin:2.5",1341435234059
site:default-site:site,m2e.plugins,org.eclipse.m2e.core,1.0.100,"org.apache.maven.plugins:maven-site-plugin:2.0.1",1341435234059
started,bundle,org.eclipse.jdt.apt.core,3.3.500.v20110420-1015,"org.eclipse.jdt.apt.core",1341435234076
started,bundle,org.eclipse.jdt.apt.pluggable.core,1.0.400.v20110305-1450,"org.eclipse.jdt.apt.pluggable.core",1341435234081
deactivated,workbench,org.eclipse.ui.workbench,3.7.1.v20120104-1859,"",1341435237023
started,bundle,org.eclipse.equinox.p2.garbagecollector,1.0.200.v20110815-1419,"org.eclipse.equinox.p2.garbagecollector",1341435245066
started,bundle,org.eclipse.wst.common.ui,1.1.500.v200911190730,"org.eclipse.wst.common.ui",1341435245223
started,bundle,org.eclipse.jst.jee,1.0.402.v201202021530,"org.eclipse.jst.jee",1341435245231
started,bundle,org.eclipse.jst.server.core,1.2.202.v20110419,"org.eclipse.jst.server.core",1341435245237
started,bundle,org.eclipse.jst.common.frameworks,1.1.501.v201201190400,"org.eclipse.jst.common.frameworks",1341435245243
